{
  "Accuracy": 0.6793650793650794,
  "F1": 0.5496564347225973,
  "Precision": 0.4615369110607206,
  "Recall": 0.6793650793650794
}