{
  "MSE": 0.0499289117706218,
  "RMSE": 0.22344778309623436,
  "MAE": 0.14147262481927383,
  "R2": -0.2571758167457967
}