{
  "MSE": 0.19272753956668254,
  "MSE_std": 0.07810728585017908,
  "RMSE": 0.43165585111257077,
  "RMSE_std": 0.08552871375468621,
  "MAE": 0.3483215395516196,
  "MAE_std": 0.08747334033165335,
  "R2": -1.0589443903543354,
  "R2_std": 0.7705414364733795,
  "MAPE": 0.1726570712951229,
  "MAPE_std": 0.0363562051248421,
  "sMAPE": 0.16912104388942595,
  "sMAPE_std": 0.0420336685736991,
  "Baseline MSE": 0.16700208443759973,
  "Baseline MSE_std": 0.07203773421432519,
  "Baseline MAE": 0.318060172956932,
  "Baseline MAE_std": 0.06456677752886518,
  "Baseline R2": -0.7779431815578193,
  "Baseline R2_std": 0.7599808216621903,
  "Fit Time": 58.78878234612466,
  "Fit Time_std": 6.901535128937805,
  "Prediction Time": 0.024523890625118838,
  "Prediction Time_std": 0.019761541766391978,
  "total_samples": 3662,
  "n_splits": 8
}