{
  "MSE": 0.20074911290960734,
  "MSE_std": 0.1737497643685639,
  "RMSE": 0.4221256828947204,
  "RMSE_std": 0.1605669268570347,
  "MAE": 0.3566526309548693,
  "MAE_std": 0.1550707356637966,
  "R2": -1.611641732763966,
  "R2_std": 1.762914001568908,
  "MAPE": 0.18066671200677706,
  "MAPE_std": 0.13302995659975622,
  "sMAPE": 0.1692100668611507,
  "sMAPE_std": 0.08681896230018965,
  "Baseline MSE": 0.2395107856574798,
  "Baseline MSE_std": 0.17539461501902923,
  "Baseline MAE": 0.39667207526651505,
  "Baseline MAE_std": 0.15866333888754267,
  "Baseline R2": -2.065577008805963,
  "Baseline R2_std": 1.6868266944120094,
  "Fit Time": 354.43748673812524,
  "Fit Time_std": 32.2043330672434,
  "Prediction Time": 0.005897053125409002,
  "Prediction Time_std": 0.0019433047607736766,
  "total_samples": 8921,
  "n_splits": 8
}