{
  "MSE": 7.906234343639683e-05,
  "RMSE": 0.008891700817976099,
  "MAE": 0.007326007842021195,
  "R2": 0.5402968741871486
}