{
  "Accuracy": 0.40476190476190477,
  "F1": 0.2510822510822511,
  "Precision": 0.36353077816492446,
  "Recall": 0.40476190476190477
}