{
  "Accuracy": 0.6349206349206349,
  "F1": 0.6190530088662517,
  "Precision": 0.6075570520014965,
  "Recall": 0.6349206349206349
}