{
  "MSE": 0.16674327075518436,
  "MSE_std": 0.08827379987468281,
  "RMSE": 0.3994755269765373,
  "RMSE_std": 0.10365259839002221,
  "MAE": 0.34571870533201654,
  "MAE_std": 0.12165291484137648,
  "R2": -3.547481072864429,
  "R2_std": 2.4464993013929712,
  "MAPE": 0.3741711198282886,
  "MAPE_std": 0.2644966317331793,
  "sMAPE": 0.33451900472940294,
  "sMAPE_std": 0.13048680837690974,
  "Baseline MSE": 0.11703848967807877,
  "Baseline MSE_std": 0.10555564280016344,
  "Baseline MAE": 0.2773413756686639,
  "Baseline MAE_std": 0.1555069021838199,
  "Baseline R2": -2.1870791353424557,
  "Baseline R2_std": 2.9208560836060786,
  "Fit Time": 0.1459761333244387,
  "Fit Time_std": 0.09241350109672324,
  "Prediction Time": 0.0011075000026418518,
  "Prediction Time_std": 6.720089519839002e-05,
  "total_samples": 957,
  "n_splits": 3
}