{
  "MSE": 0.18383907975457736,
  "MSE_std": 0.06542743679536717,
  "RMSE": 0.4228738858518464,
  "RMSE_std": 0.07571945527792105,
  "MAE": 0.34601102661456173,
  "MAE_std": 0.07368930491263176,
  "R2": -1.0857276403594298,
  "R2_std": 0.8871576848638302,
  "MAPE": 1.5328478965855892,
  "MAPE_std": 2.5492566937737178,
  "sMAPE": 0.4732744061701287,
  "sMAPE_std": 0.14977522619632985,
  "Baseline MSE": 0.1989495374909526,
  "Baseline MSE_std": 0.1254183739044795,
  "Baseline MAE": 0.36303532444931463,
  "Baseline MAE_std": 0.12617871230162409,
  "Baseline R2": -1.3727141948266772,
  "Baseline R2_std": 1.7716393415015614,
  "Fit Time": 8.883910640750003,
  "Fit Time_std": 3.1961826370750606,
  "Prediction Time": 0.24182403775000694,
  "Prediction Time_std": 0.0300311588011547,
  "total_samples": 8921,
  "n_splits": 8
}