{
  "mse": 0.025295703283292018,
  "mse_std": 0.016738645296966198,
  "rmse": 0.14914182726077285,
  "rmse_std": 0.055248698125926955,
  "mae": 0.126196966866971,
  "mae_std": 0.05201193583498864,
  "r2": -1.5875777345139284,
  "r2_std": 2.6251025188033656,
  "mape": 1.5677596774838634,
  "mape_std": 1.1048523963203178,
  "baseline_mse": 0.016538540087861486,
  "baseline_mse_std": 0.008947116488745483,
  "baseline_mae": 0.09970309804813,
  "baseline_mae_std": 0.027424355622047956,
  "baseline_r2": -0.5101662422783819,
  "baseline_r2_std": 0.7506133050831826,
  "fit_time": 9.68558931350708,
  "fit_time_std": 1.9182907701550005,
  "pred_time": 0.23608455061912537,
  "pred_time_std": 0.02158906502301156,
  "n_splits": 8,
  "total_samples": 11088
}