{
  "Accuracy": 0.5466269841269841,
  "Accuracy_std": 0.15467830173983202,
  "F1": 0.5140946537350701,
  "F1_std": 0.1908045855097372,
  "Precision": 0.5934331448562253,
  "Precision_std": 0.22278924686386492,
  "Recall": 0.5466269841269841,
  "Recall_std": 0.15467830173983202,
  "Baseline Accuracy": 0.5223214285714286,
  "Baseline Accuracy_std": 0.21127192718031346,
  "Baseline F1": 0.38123893858216995,
  "Baseline F1_std": 0.23534597224408355,
  "LogLoss": NaN,
  "LogLoss_std": NaN,
  "Fit Time": 4.777153406625075,
  "Fit Time_std": 1.194489692330638,
  "Prediction Time": 0.20595679174982706,
  "Prediction Time_std": 0.019918983195062002,
  "total_samples": 7969,
  "n_splits": 8
}