{
  "Accuracy": 0.5873015873015873,
  "F1": 0.5806689342403628,
  "Precision": 0.5989209940192972,
  "Recall": 0.5873015873015873
}