{
  "MSE": 0.08668365585788261,
  "RMSE": 0.2944208821702065,
  "MAE": 0.26939163797737037,
  "R2": -5.142635822905774
}