{
  "MSE": 0.18934197743500636,
  "MSE_std": 0.16690842923000374,
  "RMSE": 0.40263184932634455,
  "RMSE_std": 0.1764072280445095,
  "MAE": 0.3353965568667887,
  "MAE_std": 0.15672035777552915,
  "R2": -2.392670766251353,
  "R2_std": 3.1576596142575464,
  "MAPE": 0.3083365432964132,
  "MAPE_std": 0.17472063904333696,
  "sMAPE": 0.30734809605030666,
  "sMAPE_std": 0.18246843613703354,
  "Baseline MSE": 0.148537185445691,
  "Baseline MSE_std": 0.13416196048643542,
  "Baseline MAE": 0.3101860693905709,
  "Baseline MAE_std": 0.14257399685505476,
  "Baseline R2": -1.3354820081915215,
  "Baseline R2_std": 1.416848220238588,
  "Fit Time": 8.741005447874159,
  "Fit Time_std": 1.3853670343615714,
  "Prediction Time": 0.2011136973746943,
  "Prediction Time_std": 0.021767173729283353,
  "total_samples": 8921,
  "n_splits": 8
}