{
  "MSE": 0.004012370758301327,
  "RMSE": 0.06334327713578866,
  "MAE": 0.06183542507011092,
  "R2": -0.49587814433108957
}