{
  "MSE": 0.19888341615773203,
  "MSE_std": 0.12464216084728354,
  "RMSE": 0.4316156373341594,
  "RMSE_std": 0.11995883944734374,
  "MAE": 0.36302625591239135,
  "MAE_std": 0.12562620987672807,
  "R2": -1.369706988510014,
  "R2_std": 1.7596312663415115,
  "MAPE": 2.097634232863821,
  "MAPE_std": 4.076692199341658,
  "sMAPE": 0.5066260935465349,
  "sMAPE_std": 0.2362010737694601,
  "Baseline MSE": 0.1989495374909526,
  "Baseline MSE_std": 0.1254183739044795,
  "Baseline MAE": 0.36303532444931463,
  "Baseline MAE_std": 0.12617871230162409,
  "Baseline R2": -1.3727141948266772,
  "Baseline R2_std": 1.7716393415015614,
  "Fit Time": 43.35308095775031,
  "Fit Time_std": 26.285928886285365,
  "Prediction Time": 0.023954156999707266,
  "Prediction Time_std": 0.019122614094152623,
  "total_samples": 8921,
  "n_splits": 8
}