{
  "Accuracy": 0.42857142857142855,
  "F1": 0.32930392667013575,
  "Precision": 0.5127401837928154,
  "Recall": 0.42857142857142855
}