{
  "MSE": 0.09746604629685307,
  "MSE_std": 0.07749196430087976,
  "RMSE": 0.29692662066749537,
  "RMSE_std": 0.11811410734434546,
  "MAE": 0.23904680152063099,
  "MAE_std": 0.08751160690883368,
  "R2": -1.9112662400414824,
  "R2_std": 1.9473755867563942,
  "MAPE": 0.1776599977712546,
  "MAPE_std": 0.0325186641224003,
  "sMAPE": 0.18270596261254643,
  "sMAPE_std": 0.05565716826909613,
  "Baseline MSE": 0.04784741273657198,
  "Baseline MSE_std": 0.04833396524599177,
  "Baseline MAE": 0.17099258547484789,
  "Baseline MAE_std": 0.09868611554557251,
  "Baseline R2": -0.0490747108312258,
  "Baseline R2_std": 0.01562417012331265,
  "Fit Time": 0.08358003332007986,
  "Fit Time_std": 0.009291166038299102,
  "Prediction Time": 0.0009884333315615852,
  "Prediction Time_std": 5.6556175704202935e-05,
  "total_samples": 957,
  "n_splits": 3
}