{
  "Accuracy": 0.4603174603174603,
  "F1": 0.386432350718065,
  "Precision": 0.44343725357006225,
  "Recall": 0.4603174603174603
}