{
  "MSE": 0.017412863289164766,
  "RMSE": 0.13195780874645033,
  "MAE": 0.12091001626633421,
  "R2": -5.233057155991165
}