{
  "MSE": 0.016033603004698964,
  "RMSE": 0.1266238642780221,
  "MAE": 0.1067162883242725,
  "R2": -0.1178977602446507
}