{
  "Accuracy": 0.5,
  "F1": 0.39766081871345027,
  "Precision": 0.7692307692307692,
  "Recall": 0.5
}