{
  "Accuracy": 0.6952380952380952,
  "F1": 0.5702514713750668,
  "Precision": 0.48335600907029475,
  "Recall": 0.6952380952380952
}