{
  "MSE": 0.0024707960031394964,
  "RMSE": 0.04970710213983004,
  "MAE": 0.03048394532514882,
  "R2": -0.6028243609435879
}