{
  "Accuracy": 0.6587301587301587,
  "F1": 0.5295055821371611,
  "Precision": 0.4426666666666667,
  "Recall": 0.6587301587301587
}