{
  "Accuracy": 0.5104166666666667,
  "Accuracy_std": 0.06506475902130968,
  "F1": 0.4489003613715854,
  "F1_std": 0.0998408124123341,
  "Precision": 0.6289731408498792,
  "Precision_std": 0.11354632633949288,
  "Recall": 0.5104166666666667,
  "Recall_std": 0.06506475902130968,
  "Baseline Accuracy": 0.4935515873015873,
  "Baseline Accuracy_std": 0.13649438147908885,
  "Baseline F1": 0.3366582220292409,
  "Baseline F1_std": 0.14268652008985672,
  "LogLoss": NaN,
  "LogLoss_std": NaN,
  "Fit Time": 4.322940079000091,
  "Fit Time_std": 0.876638927061724,
  "Prediction Time": 0.21310484937487217,
  "Prediction Time_std": 0.028591741345722014,
  "total_samples": 3662,
  "n_splits": 8
}