{
  "MSE": 0.5546380262501258,
  "MSE_std": 0.4562409939401236,
  "RMSE": 0.6742589193220445,
  "RMSE_std": 0.33808356695568553,
  "MAE": 0.5227989428631381,
  "MAE_std": 0.23026884661693708,
  "R2": -0.655081397076185,
  "R2_std": 1.0123403758974354,
  "MAPE": 0.30509560070840624,
  "MAPE_std": 0.14443841875037272,
  "sMAPE": 0.2874931462093965,
  "sMAPE_std": 0.1076313514299121,
  "Baseline MSE": 0.5233591641437693,
  "Baseline MSE_std": 0.4502637298616084,
  "Baseline MAE": 0.4943416090201341,
  "Baseline MAE_std": 0.209973887317709,
  "Baseline R2": -0.5781315843467321,
  "Baseline R2_std": 1.0180391655705368,
  "Fit Time": 10.60522750337509,
  "Fit Time_std": 4.729423061672712,
  "Prediction Time": 0.020916038374934942,
  "Prediction Time_std": 0.018594125386934984,
  "total_samples": 7969,
  "n_splits": 8
}