{
  "Accuracy": 0.5079365079365079,
  "F1": 0.5079365079365079,
  "Precision": 0.5079365079365079,
  "Recall": 0.5079365079365079
}