{
  "Accuracy": 0.5793650793650794,
  "F1": 0.6064718713444848,
  "Precision": 0.7715664192790065,
  "Recall": 0.5793650793650794
}