{
  "Accuracy": 0.6349206349206349,
  "F1": 0.6074436090225563,
  "Precision": 0.782798833819242,
  "Recall": 0.6349206349206349
}