{
  "MSE": 0.0007824677812761498,
  "RMSE": 0.027972625569941584,
  "MAE": 0.02388421825805483,
  "R2": -0.08290555398558186
}