{
  "Accuracy": 0.5714285714285714,
  "F1": 0.6000830564784053,
  "Precision": 0.6533834586466165,
  "Recall": 0.5714285714285714
}