{
  "MSE": 0.024370420251950593,
  "RMSE": 0.1561102823389625,
  "MAE": 0.10187649240415168,
  "R2": -0.3751046610019304
}