{
  "MSE": 0.040956963673253736,
  "RMSE": 0.20237826877719292,
  "MAE": 0.13028026700023204,
  "R2": -0.04097999844250677
}