{
  "MSE": 0.17312653650183835,
  "MSE_std": 0.07111031290293546,
  "RMSE": 0.40916853919609414,
  "RMSE_std": 0.08076521906275314,
  "MAE": 0.3319072169351847,
  "MAE_std": 0.07285217185410332,
  "R2": -0.8755371774209786,
  "R2_std": 0.5276477123792358,
  "MAPE": 1.5412008884438424,
  "MAPE_std": 2.5913530370141813,
  "sMAPE": 0.44013927940272063,
  "sMAPE_std": 0.13816561820413203,
  "Baseline MSE": 0.1989495374909526,
  "Baseline MSE_std": 0.1254183739044795,
  "Baseline MAE": 0.36303532444931463,
  "Baseline MAE_std": 0.12617871230162409,
  "Baseline R2": -1.3727141948266772,
  "Baseline R2_std": 1.7716393415015614,
  "Fit Time": 8.722197662749977,
  "Fit Time_std": 2.619419673459968,
  "Prediction Time": 0.2636282987502909,
  "Prediction Time_std": 0.03550912602048651,
  "total_samples": 8921,
  "n_splits": 8
}