{
  "MSE": 0.014544508460193542,
  "RMSE": 0.12060061550503605,
  "MAE": 0.11538368745695696,
  "R2": -10.814112056190385
}