{
  "MSE": 0.004679521258602515,
  "RMSE": 0.06840702638327817,
  "MAE": 0.056519286903243274,
  "R2": -0.05917053638051373
}