{
  "Accuracy": 0.5079365079365079,
  "F1": 0.5112847222222222,
  "Precision": 0.7408982015723589,
  "Recall": 0.5079365079365079
}