{
  "Accuracy": 0.7380952380952381,
  "F1": 0.7370553439753665,
  "Precision": 0.7784873949579832,
  "Recall": 0.7380952380952381
}