{
  "MSE": 0.005413207678584479,
  "RMSE": 0.07357450427005593,
  "MAE": 0.04674315144899287,
  "R2": -0.05711999745427043
}