{
  "MSE": 1.4733143656657166,
  "MSE_std": 1.4234418071539416,
  "RMSE": 1.0783816929299541,
  "RMSE_std": 0.5956099298982682,
  "MAE": 0.8528392380941499,
  "MAE_std": 0.5340373436824991,
  "R2": -2.535349053712494,
  "R2_std": 3.40396075339556,
  "MAPE": 0.6125661083990852,
  "MAPE_std": 0.4477720239293902,
  "sMAPE": 0.40928063810206405,
  "sMAPE_std": 0.17915680641265153,
  "Baseline MSE": 0.8133660218372404,
  "Baseline MSE_std": 0.6833035014290387,
  "Baseline MAE": 0.5898991638907374,
  "Baseline MAE_std": 0.29968243907759823,
  "Baseline R2": -0.45050552002312566,
  "Baseline R2_std": 0.7711747115745984,
  "Fit Time": 84.91814796550034,
  "Fit Time_std": 4.7820493563346895,
  "Prediction Time": 0.029696181999952387,
  "Prediction Time_std": 0.022608146883060076,
  "total_samples": 8342,
  "n_splits": 8
}