{
  "Accuracy": 0.8174603174603174,
  "F1": 0.8219236701995323,
  "Precision": 0.8348595848595849,
  "Recall": 0.8174603174603174
}