{
  "MSE": 0.00028682417264081514,
  "RMSE": 0.016935884170624665,
  "MAE": 0.012522711180785323,
  "R2": 0.6030462889302832
}