{
  "Accuracy": 0.6006944444444444,
  "Accuracy_std": 0.09703838651631608,
  "F1": 0.5834133103218648,
  "F1_std": 0.10643050895667137,
  "Precision": 0.6502733569857619,
  "Precision_std": 0.10061330581631207,
  "Recall": 0.6006944444444444,
  "Recall_std": 0.09703838651631608,
  "Baseline Accuracy": 0.5193452380952381,
  "Baseline Accuracy_std": 0.11040913457103366,
  "Baseline F1": 0.36114324471947923,
  "Baseline F1_std": 0.125106200519395,
  "LogLoss": NaN,
  "LogLoss_std": NaN,
  "Fit Time": 6.982013334875319,
  "Fit Time_std": 1.0497340257979901,
  "Prediction Time": 0.24820886912493734,
  "Prediction Time_std": 0.03535282932322544,
  "total_samples": 8342,
  "n_splits": 8
}