{
  "accuracy": 0.5411706349206349,
  "accuracy_std": 0.22644215930026457,
  "f1": 0.4928082646584547,
  "f1_std": 0.22341890044787852,
  "precision": 0.6928376081329046,
  "precision_std": 0.19218940611655586,
  "recall": 0.5411706349206349,
  "recall_std": 0.22644215930026457,
  "fit_time": 5.1023992002010345,
  "fit_time_std": 0.9645576727232983,
  "pred_time": 0.2296634316444397,
  "pred_time_std": 0.019867383920049646,
  "n_splits": 8,
  "total_samples": 11088
}