{
  "MSE": 0.018354129404848887,
  "RMSE": 0.13547741289546714,
  "MAE": 0.12895720533192004,
  "R2": -9.617230944397068
}