{
  "MSE": 0.17013198174669952,
  "MSE_std": 0.09794428293927261,
  "RMSE": 0.3981527752600401,
  "RMSE_std": 0.11517117347385894,
  "MAE": 0.3298710446855857,
  "MAE_std": 0.09882132005897729,
  "R2": -1.2571066703518248,
  "R2_std": 1.2568756780994217,
  "MAPE": 0.17038517091892802,
  "MAPE_std": 0.0951431860640489,
  "sMAPE": 0.15822181973339483,
  "sMAPE_std": 0.0668961578812394,
  "Baseline MSE": 0.2395107856574798,
  "Baseline MSE_std": 0.17539461501902923,
  "Baseline MAE": 0.39667207526651505,
  "Baseline MAE_std": 0.15866333888754267,
  "Baseline R2": -2.065577008805963,
  "Baseline R2_std": 1.6868266944120094,
  "Fit Time": 52.659061836749515,
  "Fit Time_std": 5.088052749563047,
  "Prediction Time": 0.024848904374721315,
  "Prediction Time_std": 0.019519807363873348,
  "total_samples": 8921,
  "n_splits": 8
}