{
  "MSE": 0.04337293902958316,
  "RMSE": 0.2082617080252228,
  "MAE": 0.18936422532144856,
  "R2": -4.77218435919102
}