{
  "Accuracy": 0.6398809523809523,
  "Accuracy_std": 0.08701121572008814,
  "F1": 0.639156053190378,
  "F1_std": 0.08768553465556557,
  "Precision": 0.6642602942929379,
  "Precision_std": 0.0863135844200438,
  "Recall": 0.6398809523809523,
  "Recall_std": 0.08701121572008814,
  "Baseline Accuracy": 0.5694444444444444,
  "Baseline Accuracy_std": 0.10618323936714008,
  "Baseline F1": 0.4183488152377287,
  "Baseline F1_std": 0.12592188979690466,
  "LogLoss": 0.7316165577069289,
  "LogLoss_std": 0.13635149853670306,
  "Fit Time": 35.1161196232506,
  "Fit Time_std": 22.02550305461546,
  "Prediction Time": 0.016392847875067673,
  "Prediction Time_std": 0.011443934190534938,
  "total_samples": 8921,
  "n_splits": 8
}