{
  "MSE": 0.9987187925263454,
  "MSE_std": 0.9672042291525647,
  "RMSE": 0.8787637125133869,
  "RMSE_std": 0.5087723376308165,
  "MAE": 0.673126382781388,
  "MAE_std": 0.4140533180761729,
  "R2": -0.6530096021896589,
  "R2_std": 0.8626127446439674,
  "MAPE": 0.44267076079339246,
  "MAPE_std": 0.332107403820521,
  "sMAPE": 0.3552910430573032,
  "sMAPE_std": 0.14161628178671756,
  "Baseline MSE": 0.8133660218372404,
  "Baseline MSE_std": 0.6833035014290387,
  "Baseline MAE": 0.5898991638907374,
  "Baseline MAE_std": 0.29968243907759823,
  "Baseline R2": -0.45050552002312566,
  "Baseline R2_std": 0.7711747115745984,
  "Fit Time": 4.762779221374899,
  "Fit Time_std": 3.1363482097643063,
  "Prediction Time": 0.01332238549991871,
  "Prediction Time_std": 0.005417640986512299,
  "total_samples": 8342,
  "n_splits": 8
}