{
  "Accuracy": 0.6190476190476191,
  "F1": 0.5510204081632653,
  "Precision": 0.5357142857142857,
  "Recall": 0.6190476190476191
}