{
  "Accuracy": 0.6031746031746031,
  "F1": 0.6325051759834369,
  "Precision": 0.7354070660522273,
  "Recall": 0.6031746031746031
}