{
  "Accuracy": 0.746031746031746,
  "Accuracy_std": 0.1610935169062257,
  "F1": 0.7219727529964439,
  "F1_std": 0.14592873379367438,
  "Precision": 0.7548842678041644,
  "Precision_std": 0.05323082593124201,
  "Recall": 0.746031746031746,
  "Recall_std": 0.1610935169062257,
  "Baseline Accuracy": 0.6402116402116401,
  "Baseline Accuracy_std": 0.2387996634158044,
  "Baseline F1": 0.5170392751357721,
  "Baseline F1_std": 0.3001272244449503,
  "LogLoss": 0.5299630874651765,
  "LogLoss_std": 0.18801571626079625,
  "Fit Time": 0.06510566665868585,
  "Fit Time_std": 0.012494205374177253,
  "Prediction Time": 0.0010522666658895712,
  "Prediction Time_std": 6.210042833906385e-05,
  "total_samples": 957,
  "n_splits": 3
}