{
  "MSE": 0.16998836457509967,
  "MSE_std": 0.048947474521069845,
  "RMSE": 0.40855525852105967,
  "RMSE_std": 0.05924250703569217,
  "MAE": 0.33235337438282947,
  "MAE_std": 0.05889119165549351,
  "R2": -0.948173916639508,
  "R2_std": 0.7941110249060566,
  "MAPE": 1.4110864389448934,
  "MAPE_std": 2.262889939500028,
  "sMAPE": 0.44778554184935193,
  "sMAPE_std": 0.11801240432956359,
  "Baseline MSE": 0.1989495374909526,
  "Baseline MSE_std": 0.1254183739044795,
  "Baseline MAE": 0.36303532444931463,
  "Baseline MAE_std": 0.12617871230162409,
  "Baseline R2": -1.3727141948266772,
  "Baseline R2_std": 1.7716393415015614,
  "Fit Time": 7.648903127500489,
  "Fit Time_std": 2.57144835671376,
  "Prediction Time": 0.2230335362498863,
  "Prediction Time_std": 0.027350687565143805,
  "total_samples": 8921,
  "n_splits": 8
}