{
  "Accuracy": 0.6984126984126984,
  "F1": 0.691511387163561,
  "Precision": 0.7721088435374149,
  "Recall": 0.6984126984126984
}