{
  "MSE": 0.014428402299108545,
  "RMSE": 0.1201182846160756,
  "MAE": 0.09720210125478204,
  "R2": -0.005979667162469671
}