{
  "Accuracy": 0.5793650793650794,
  "F1": 0.5559619225481803,
  "Precision": 0.5433108188173955,
  "Recall": 0.5793650793650794
}