{
  "Accuracy": 0.5158730158730159,
  "F1": 0.5517257070052101,
  "Precision": 0.6446285954482677,
  "Recall": 0.5158730158730159
}