{
  "accuracy": 0.5580357142857142,
  "accuracy_std": 0.08417791725245073,
  "f1": 0.5333993967067048,
  "f1_std": 0.0905347134982891,
  "precision": 0.5912583077686424,
  "precision_std": 0.12999201161674018,
  "recall": 0.5580357142857142,
  "recall_std": 0.08417791725245073,
  "fit_time": 5.157747864723206,
  "fit_time_std": 0.6009198314085507,
  "pred_time": 0.22075968980789185,
  "pred_time_std": 0.02398674404342839,
  "n_splits": 8,
  "total_samples": 11088
}