{
  "Accuracy": 0.5079365079365079,
  "F1": 0.5243863049095608,
  "Precision": 0.5459533607681756,
  "Recall": 0.5079365079365079
}