{
  "Accuracy": 0.5174603174603175,
  "F1": 0.3529122667197981,
  "Precision": 0.26776518014613254,
  "Recall": 0.5174603174603175
}