{
  "Accuracy": 0.7619047619047619,
  "Accuracy_std": 0.15633107621898576,
  "F1": 0.7399248341859531,
  "F1_std": 0.1381685943514882,
  "Precision": 0.765432098765432,
  "Precision_std": 0.07371627705116876,
  "Recall": 0.7619047619047619,
  "Recall_std": 0.15633107621898576,
  "Baseline Accuracy": 0.6402116402116401,
  "Baseline Accuracy_std": 0.2387996634158044,
  "Baseline F1": 0.5170392751357721,
  "Baseline F1_std": 0.3001272244449503,
  "LogLoss": 0.5144101121397137,
  "LogLoss_std": 0.16455731510671112,
  "Fit Time": 0.10461000000941567,
  "Fit Time_std": 0.024238559471481323,
  "Prediction Time": 0.0010544333490543067,
  "Prediction Time_std": 2.6213039012081534e-05,
  "total_samples": 957,
  "n_splits": 3
}