{
  "MSE": 0.009464194731242754,
  "RMSE": 0.09728409289931604,
  "MAE": 0.06624255055110288,
  "R2": -0.47580198983061583
}