{
  "Accuracy": 0.6428571428571429,
  "F1": 0.614209320091673,
  "Precision": 0.8051948051948051,
  "Recall": 0.6428571428571429
}