{
  "MSE": 0.2228062365741518,
  "MSE_std": 0.30032836370880533,
  "RMSE": 0.3971157017339028,
  "RMSE_std": 0.31250285441226394,
  "MAE": 0.35273854928151427,
  "MAE_std": 0.30667917366106473,
  "R2": -5.08215669276576,
  "R2_std": 8.303971221532224,
  "MAPE": 0.4220818481249599,
  "MAPE_std": 0.48000158974994295,
  "sMAPE": 0.31018478656761694,
  "sMAPE_std": 0.26827745061238367,
  "Baseline MSE": 0.11703848967807877,
  "Baseline MSE_std": 0.10555564280016344,
  "Baseline MAE": 0.2773413756686639,
  "Baseline MAE_std": 0.1555069021838199,
  "Baseline R2": -2.1870791353424557,
  "Baseline R2_std": 2.9208560836060786,
  "Fit Time": 0.4778879666603946,
  "Fit Time_std": 0.16252883969889773,
  "Prediction Time": 0.0017701999944013853,
  "Prediction Time_std": 0.00010830054924100285,
  "total_samples": 957,
  "n_splits": 3
}