{
  "MSE": 0.45097387138345146,
  "MSE_std": 0.7706142117630245,
  "RMSE": 0.5565710367685323,
  "RMSE_std": 0.40171425866632055,
  "MAE": 0.47952575415012466,
  "MAE_std": 0.38083483043902655,
  "R2": -4.723935903835586,
  "R2_std": 10.008014481955414,
  "MAPE": 2.141412828668494,
  "MAPE_std": 3.855424426138831,
  "sMAPE": 0.6427250637566797,
  "sMAPE_std": 0.498416038171493,
  "Baseline MSE": 0.1989495374909526,
  "Baseline MSE_std": 0.1254183739044795,
  "Baseline MAE": 0.36303532444931463,
  "Baseline MAE_std": 0.12617871230162409,
  "Baseline R2": -1.3727141948266772,
  "Baseline R2_std": 1.7716393415015614,
  "Fit Time": 10.469902032375103,
  "Fit Time_std": 5.136137698774432,
  "Prediction Time": 0.020638879500438634,
  "Prediction Time_std": 0.009183078924381456,
  "total_samples": 8921,
  "n_splits": 8
}