{
  "Accuracy": 0.4603174603174603,
  "F1": 0.4041005291005291,
  "Precision": 0.5483405483405484,
  "Recall": 0.4603174603174603
}