{
  "mse": 0.004046242527716521,
  "mse_std": 0.0048177443747101124,
  "rmse": 0.055054098649042045,
  "rmse_std": 0.03186359599383076,
  "mae": 0.044486792136762085,
  "mae_std": 0.02310399699655122,
  "r2": -1.4316377053459042,
  "r2_std": 1.0760273430824097,
  "mape": 0.38011750969623126,
  "mape_std": 0.08741814891711641,
  "baseline_mse": 0.0043262844946560935,
  "baseline_mse_std": 0.005282253430930999,
  "baseline_mae": 0.047897319652920184,
  "baseline_mae_std": 0.024773661680653165,
  "baseline_r2": -2.1509867149889836,
  "baseline_r2_std": 1.9838792470268243,
  "fit_time": 6.871468335390091,
  "fit_time_std": 3.397563407551569,
  "pred_time": 0.0004063248634338379,
  "pred_time_std": 8.899927567208086e-05,
  "n_splits": 8,
  "total_samples": 11088
}