{
  "MSE": 0.0028732001001165034,
  "RMSE": 0.05360223969309961,
  "MAE": 0.05073134030182819,
  "R2": -0.007225754083787672
}