{
  "MSE": 0.014428402299108557,
  "RMSE": 0.12011828461607565,
  "MAE": 0.09720210125478214,
  "R2": -0.0059796671624690045
}