{
  "MSE": 0.02740093541221174,
  "RMSE": 0.16553227906427115,
  "MAE": 0.10349159511116063,
  "R2": -0.5461019388095989
}