{
  "Accuracy": 0.656084656084656,
  "Accuracy_std": 0.02424643224844362,
  "F1": 0.6108906531068377,
  "F1_std": 0.10219786790671155,
  "Precision": 0.6486297221713789,
  "Precision_std": 0.2127961095963877,
  "Recall": 0.656084656084656,
  "Recall_std": 0.02424643224844362,
  "Baseline Accuracy": 0.6455026455026455,
  "Baseline Accuracy_std": 0.11148839950108717,
  "Baseline F1": 0.510140350396581,
  "Baseline F1_std": 0.14107539125387203,
  "LogLoss": 0.7567585204104582,
  "LogLoss_std": 0.13429141183201332,
  "Fit Time": 0.06670486666068125,
  "Fit Time_std": 0.01580518339600502,
  "Prediction Time": 0.0010784333280753344,
  "Prediction Time_std": 4.452799800861926e-05,
  "total_samples": 957,
  "n_splits": 3
}