{
  "MSE": 0.00022265688847072462,
  "RMSE": 0.014921691876952983,
  "MAE": 0.012435063684733622,
  "R2": -0.29464322266334997
}