{
  "Accuracy": 0.7063492063492064,
  "F1": 0.6995834025983185,
  "Precision": 0.8014165015599736,
  "Recall": 0.7063492063492064
}