{
  "MSE": 0.005120117690648523,
  "RMSE": 0.07155499766367492,
  "MAE": 0.059515252317500884,
  "R2": -0.9088645120837824
}