{
  "Accuracy": 0.6041666666666666,
  "Accuracy_std": 0.07602820730359561,
  "F1": 0.6047604937854565,
  "F1_std": 0.07911065635517137,
  "Precision": 0.633090483868441,
  "Precision_std": 0.08911483768053921,
  "Recall": 0.6041666666666667,
  "Recall_std": 0.0760282073035956,
  "Baseline Accuracy": 0.5694444444444444,
  "Baseline Accuracy_std": 0.10618323936714008,
  "Baseline F1": 0.4183488152377287,
  "Baseline F1_std": 0.12592188979690466,
  "LogLoss": NaN,
  "LogLoss_std": NaN,
  "Fit Time": 4.03961801950004,
  "Fit Time_std": 0.6493386804240369,
  "Prediction Time": 0.2007693181249124,
  "Prediction Time_std": 0.018329586945847125,
  "total_samples": 8921,
  "n_splits": 8
}