{
  "MSE": 0.006942524873307351,
  "RMSE": 0.08332181511049402,
  "MAE": 0.07628231230296974,
  "R2": -1.4133835593081856
}