{
  "MSE": 0.11139060099683397,
  "MSE_std": 0.07533296797742277,
  "RMSE": 0.3201645690121057,
  "RMSE_std": 0.11544641449256801,
  "MAE": 0.26356848565133834,
  "MAE_std": 0.0851906433856708,
  "R2": -2.973695163954788,
  "R2_std": 3.7961333622234683,
  "MAPE": 0.19280562419831793,
  "MAPE_std": 0.01503795048400674,
  "sMAPE": 0.20391922052200062,
  "sMAPE_std": 0.04455787512024385,
  "Baseline MSE": 0.04784741273657198,
  "Baseline MSE_std": 0.04833396524599177,
  "Baseline MAE": 0.17099258547484789,
  "Baseline MAE_std": 0.09868611554557251,
  "Baseline R2": -0.0490747108312258,
  "Baseline R2_std": 0.01562417012331265,
  "Fit Time": 0.056929199995162584,
  "Fit Time_std": 0.0067628643388943374,
  "Prediction Time": 0.0009596666689806929,
  "Prediction Time_std": 3.013659771438425e-05,
  "total_samples": 957,
  "n_splits": 3
}