{
  "MSE": 0.3045486180759529,
  "MSE_std": 0.4114374455776645,
  "RMSE": 0.46462862120024717,
  "RMSE_std": 0.3183329118795698,
  "MAE": 0.41085545652958916,
  "MAE_std": 0.311015350812542,
  "R2": -3.3476106352014523,
  "R2_std": 4.7843926100347804,
  "MAPE": 0.35851109338531373,
  "MAPE_std": 0.2523267347138632,
  "sMAPE": 0.48304862315111646,
  "sMAPE_std": 0.5093428098917235,
  "Baseline MSE": 0.148537185445691,
  "Baseline MSE_std": 0.13416196048643542,
  "Baseline MAE": 0.3101860693905709,
  "Baseline MAE_std": 0.14257399685505476,
  "Baseline R2": -1.3354820081915215,
  "Baseline R2_std": 1.416848220238588,
  "Fit Time": 11.256894232124978,
  "Fit Time_std": 5.447530528618287,
  "Prediction Time": 0.027383689625594343,
  "Prediction Time_std": 0.013991676428493756,
  "total_samples": 8921,
  "n_splits": 8
}