{
  "Accuracy": 0.7301587301587301,
  "F1": 0.7277056277056276,
  "Precision": 0.7811355311355311,
  "Recall": 0.7301587301587301
}