{
  "MSE": 0.027054229486832906,
  "RMSE": 0.16448169954992836,
  "MAE": 0.16083196579586534,
  "R2": -21.786188122110264
}