{
  "MSE": 0.0006771103378833049,
  "RMSE": 0.026021343890800585,
  "MAE": 0.021034506397189966,
  "R2": -0.1308869468699787
}