{
  "MSE": 0.14725622308737882,
  "MSE_std": 0.1339364375476442,
  "RMSE": 0.3566085071999086,
  "RMSE_std": 0.1515127365887353,
  "MAE": 0.3068457335369747,
  "MAE_std": 0.14452775014288838,
  "R2": -1.3058823089858353,
  "R2_std": 1.4253746013187876,
  "MAPE": 0.2717304519688088,
  "MAPE_std": 0.11742449794380197,
  "sMAPE": 0.2910917945830934,
  "sMAPE_std": 0.17331669276644163,
  "Baseline MSE": 0.148537185445691,
  "Baseline MSE_std": 0.13416196048643542,
  "Baseline MAE": 0.3101860693905709,
  "Baseline MAE_std": 0.14257399685505476,
  "Baseline R2": -1.3354820081915215,
  "Baseline R2_std": 1.416848220238588,
  "Fit Time": 82.99534308675084,
  "Fit Time_std": 0.6319389283915323,
  "Prediction Time": 0.04175539962534458,
  "Prediction Time_std": 0.02858180003470782,
  "total_samples": 8921,
  "n_splits": 8
}