{
  "Accuracy": 0.6031746031746031,
  "F1": 0.4538739588244539,
  "Precision": 0.36381960191484,
  "Recall": 0.6031746031746031
}