{
  "Accuracy": 0.48412698412698413,
  "F1": 0.5093421689166371,
  "Precision": 0.7109935332157554,
  "Recall": 0.48412698412698413
}