{
  "MSE": 0.004213002556513374,
  "RMSE": 0.06490764636399454,
  "MAE": 0.048984858107046954,
  "R2": -2.5887304299623874
}