{
  "MSE": 0.001046259509428044,
  "RMSE": 0.0323459349753264,
  "MAE": 0.03084936863376096,
  "R2": -3.8253442637365014
}