{
  "MSE": 0.25822817890808697,
  "MSE_std": 0.17359783010975152,
  "RMSE": 0.4864543151003179,
  "RMSE_std": 0.1570818830269017,
  "MAE": 0.4073161804792064,
  "MAE_std": 0.13762786542650862,
  "R2": -1.6542748579708006,
  "R2_std": 1.4254878500966761,
  "MAPE": 0.2143920238273175,
  "MAPE_std": 0.08513071913232469,
  "sMAPE": 0.1840078513089502,
  "sMAPE_std": 0.054172375388759825,
  "Baseline MSE": 0.16700208443759973,
  "Baseline MSE_std": 0.07203773421432519,
  "Baseline MAE": 0.318060172956932,
  "Baseline MAE_std": 0.06456677752886518,
  "Baseline R2": -0.7779431815578193,
  "Baseline R2_std": 0.7599808216621903,
  "Fit Time": 14.738334349125125,
  "Fit Time_std": 7.925743478516152,
  "Prediction Time": 0.024846992125048928,
  "Prediction Time_std": 0.014052827514463875,
  "total_samples": 3662,
  "n_splits": 8
}