{
  "MSE": 0.061172400098861435,
  "RMSE": 0.24733054825245795,
  "MAE": 0.23812561511638386,
  "R2": -12.68941416241267
}