{
  "Accuracy": 0.7619047619047619,
  "F1": 0.7723704866562009,
  "Precision": 0.792358803986711,
  "Recall": 0.7619047619047619
}