{
  "Accuracy": 0.5238095238095238,
  "F1": 0.48687366139561133,
  "Precision": 0.5469673116313712,
  "Recall": 0.5238095238095238
}