{
  "Accuracy": 0.4126984126984127,
  "F1": 0.2791897379106681,
  "Precision": 0.4621693121693122,
  "Recall": 0.4126984126984127
}