{
  "MSE": 0.5201221408413332,
  "MSE_std": 0.4762325023220373,
  "RMSE": 0.6435721602516302,
  "RMSE_std": 0.3479524029689499,
  "MAE": 0.5071594415024028,
  "MAE_std": 0.264904158930858,
  "R2": -0.3315017924224394,
  "R2_std": 0.17566536679831227,
  "MAPE": 0.3205048084301396,
  "MAPE_std": 0.19167484023947381,
  "sMAPE": 0.2726776148476048,
  "sMAPE_std": 0.12397567012389428,
  "Baseline MSE": 0.5233591641437693,
  "Baseline MSE_std": 0.4502637298616084,
  "Baseline MAE": 0.4943416090201341,
  "Baseline MAE_std": 0.209973887317709,
  "Baseline R2": -0.5781315843467321,
  "Baseline R2_std": 1.0180391655705368,
  "Fit Time": 83.0365360931255,
  "Fit Time_std": 6.704830865058972,
  "Prediction Time": 0.02704987112474555,
  "Prediction Time_std": 0.020936232316043215,
  "total_samples": 7969,
  "n_splits": 8
}