{
  "Accuracy": 0.4603174603174603,
  "F1": 0.36106549899653345,
  "Precision": 0.42548110689703605,
  "Recall": 0.4603174603174603
}