{
  "mse": 0.006127085716661134,
  "mse_std": 0.00418357111816821,
  "rmse": 0.07320825924458572,
  "rmse_std": 0.027706253717142325,
  "mae": 0.05782678642246265,
  "mae_std": 0.022774368880302882,
  "r2": -1.9212782746354002,
  "r2_std": 1.3811454739238156,
  "mape": 0.5162903784129359,
  "mape_std": 0.24172493873520468,
  "baseline_mse": 0.003384362499982285,
  "baseline_mse_std": 0.002458107246745145,
  "baseline_mae": 0.039234103569272046,
  "baseline_mae_std": 0.010466951834881498,
  "baseline_r2": -0.560524015060063,
  "baseline_r2_std": 0.5315595967722094,
  "fit_time": 10.458033412694931,
  "fit_time_std": 2.72312448668701,
  "pred_time": 0.22321119904518127,
  "pred_time_std": 0.029942288253313975,
  "n_splits": 8,
  "total_samples": 11088
}