{
  "MSE": 0.043321087435616946,
  "RMSE": 0.20813718417336424,
  "MAE": 0.13078400468391366,
  "R2": -0.09079532374734023
}