{
  "Accuracy": 0.4444444444444444,
  "F1": 0.3988304093567252,
  "Precision": 0.508034188034188,
  "Recall": 0.4444444444444444
}