{
  "MSE": 0.027400935412701007,
  "RMSE": 0.165532279065749,
  "MAE": 0.1034915951129516,
  "R2": -0.5461019388371933
}