{
  "Accuracy": 0.373015873015873,
  "F1": 0.30745201276668843,
  "Precision": 0.3068199502023031,
  "Recall": 0.373015873015873
}