{
  "Accuracy": 0.7513227513227513,
  "Accuracy_std": 0.162907982204663,
  "F1": 0.7269392120557638,
  "F1_std": 0.14869055477714502,
  "Precision": 0.7617112365650377,
  "Precision_std": 0.05920920414180094,
  "Recall": 0.7513227513227513,
  "Recall_std": 0.162907982204663,
  "Baseline Accuracy": 0.6402116402116401,
  "Baseline Accuracy_std": 0.2387996634158044,
  "Baseline F1": 0.5170392751357721,
  "Baseline F1_std": 0.3001272244449503,
  "LogLoss": 0.5295535600325469,
  "LogLoss_std": 0.1992832725107015,
  "Fit Time": 0.1856104999994083,
  "Fit Time_std": 0.04705138967031733,
  "Prediction Time": 0.0012253666548834492,
  "Prediction Time_std": 0.00014377734260451622,
  "total_samples": 957,
  "n_splits": 3
}