{
  "MSE": 0.0002868236580951477,
  "RMSE": 0.016935868979628642,
  "MAE": 0.012522717093944861,
  "R2": 0.6030470010418505
}