{
  "Accuracy": 0.5952380952380952,
  "F1": 0.6160140664096841,
  "Precision": 0.6741041244083841,
  "Recall": 0.5952380952380952
}