{
  "Accuracy": 0.5238095238095238,
  "F1": 0.5407128368588815,
  "Precision": 0.801328903654485,
  "Recall": 0.5238095238095238
}