{
  "MSE": 0.025048742957924752,
  "RMSE": 0.1582679467167144,
  "MAE": 0.10907630976167806,
  "R2": 0.37142399407769555
}