{
  "MSE": 0.04451488460342675,
  "RMSE": 0.21098550804125565,
  "MAE": 0.1517725079787265,
  "R2": -0.12085431915194378
}