{
  "Accuracy": 0.7111111111111111,
  "F1": 0.591053391053391,
  "Precision": 0.505679012345679,
  "Recall": 0.7111111111111111
}