{
  "Accuracy": 0.5952380952380952,
  "F1": 0.555421476871427,
  "Precision": 0.7956541840036986,
  "Recall": 0.5952380952380952
}