{
  "MSE": 2.470460455522139,
  "MSE_std": 4.661617404210434,
  "RMSE": 1.1650866409407956,
  "RMSE_std": 1.1278467852497558,
  "MAE": 0.9762657076991549,
  "MAE_std": 0.9961200625246813,
  "R2": -3.205136908168972,
  "R2_std": 5.265358404924646,
  "MAPE": 0.6144159278262965,
  "MAPE_std": 0.6372770318816047,
  "sMAPE": 0.4134264233589499,
  "sMAPE_std": 0.2541138031772536,
  "Baseline MSE": 0.5233591641437693,
  "Baseline MSE_std": 0.4502637298616084,
  "Baseline MAE": 0.4943416090201341,
  "Baseline MAE_std": 0.209973887317709,
  "Baseline R2": -0.5781315843467321,
  "Baseline R2_std": 1.0180391655705368,
  "Fit Time": 8.53320329612518,
  "Fit Time_std": 1.5742298486958342,
  "Prediction Time": 0.23191439675008496,
  "Prediction Time_std": 0.03206144199380652,
  "total_samples": 7969,
  "n_splits": 8
}