{
  "MSE": 0.0071126077571771916,
  "RMSE": 0.08433627782382379,
  "MAE": 0.07488311440866995,
  "R2": -3.1143983192637865
}