{
  "MSE": 0.27988601378561273,
  "MSE_std": 0.32911677644225973,
  "RMSE": 0.47878521612144054,
  "RMSE_std": 0.24059623701880578,
  "MAE": 0.3894516292020894,
  "MAE_std": 0.20791443470650509,
  "R2": -4.51461498895439,
  "R2_std": 7.423401954521365,
  "MAPE": 0.3728020738302,
  "MAPE_std": 0.2656597952609352,
  "sMAPE": 0.3132010838008429,
  "sMAPE_std": 0.12613758765511723,
  "Baseline MSE": 0.148537185445691,
  "Baseline MSE_std": 0.13416196048643542,
  "Baseline MAE": 0.3101860693905709,
  "Baseline MAE_std": 0.14257399685505476,
  "Baseline R2": -1.3354820081915215,
  "Baseline R2_std": 1.416848220238588,
  "Fit Time": 7.425253228749625,
  "Fit Time_std": 2.0893106739892415,
  "Prediction Time": 0.22367514587494952,
  "Prediction Time_std": 0.028825538653751877,
  "total_samples": 8921,
  "n_splits": 8
}