{
  "Accuracy": 0.5793650793650793,
  "Accuracy_std": 0.1493094399491697,
  "F1": 0.5508796369999533,
  "F1_std": 0.18758196424255077,
  "Precision": 0.6980397803192384,
  "Precision_std": 0.06972473597339401,
  "Recall": 0.5793650793650793,
  "Recall_std": 0.1493094399491697,
  "Baseline Accuracy": 0.5223214285714286,
  "Baseline Accuracy_std": 0.21127192718031346,
  "Baseline F1": 0.38123893858216995,
  "Baseline F1_std": 0.23534597224408355,
  "LogLoss": NaN,
  "LogLoss_std": NaN,
  "Fit Time": 8.87820083475026,
  "Fit Time_std": 2.0361084388612785,
  "Prediction Time": 0.2688323466248903,
  "Prediction Time_std": 0.03197565822466118,
  "total_samples": 7969,
  "n_splits": 8
}