{
  "MSE": 0.0001273559970208609,
  "RMSE": 0.011285211430046887,
  "MAE": 0.009367059709891181,
  "R2": 0.9553542267622683
}