{
  "MSE": 7.906198044215645e-05,
  "RMSE": 0.008891680405983812,
  "MAE": 0.007325962833220531,
  "R2": 0.5402924299679221
}