{
  "Accuracy": 0.6285714285714286,
  "F1": 0.4852130325814536,
  "Precision": 0.39510204081632655,
  "Recall": 0.6285714285714286
}