{
  "mse": 0.01483390220534518,
  "mse_std": 0.005467865100331268,
  "rmse": NaN,
  "rmse_std": NaN,
  "mae": 0.09789811895891193,
  "mae_std": 0.022122982994089335,
  "r2": -0.48107561670221266,
  "r2_std": 0.7386398806279046,
  "mape": NaN,
  "mape_std": NaN,
  "baseline_mse": NaN,
  "baseline_mse_std": NaN,
  "baseline_mae": NaN,
  "baseline_mae_std": NaN,
  "baseline_r2": NaN,
  "baseline_r2_std": NaN,
  "fit_time": 0.0,
  "fit_time_std": 0.0,
  "pred_time": 0.0,
  "pred_time_std": 0.0,
  "n_splits": 8,
  "total_samples": 11088
}