{
  "MSE": 0.048834092026490084,
  "MSE_std": 0.022981801189942648,
  "RMSE": 0.21713579294573004,
  "RMSE_std": 0.05029124349704168,
  "MAE": 0.18103650737597335,
  "MAE_std": 0.0468136647351636,
  "R2": -0.6428123361145204,
  "R2_std": 0.9585321626458939,
  "MAPE": 0.14184741113195581,
  "MAPE_std": 0.033654728335571246,
  "sMAPE": 0.1396804661294937,
  "sMAPE_std": 0.03372818891091423,
  "Baseline MSE": 0.04784741273657198,
  "Baseline MSE_std": 0.04833396524599177,
  "Baseline MAE": 0.17099258547484789,
  "Baseline MAE_std": 0.09868611554557251,
  "Baseline R2": -0.0490747108312258,
  "Baseline R2_std": 0.01562417012331265,
  "Fit Time": 0.5125648666677686,
  "Fit Time_std": 0.1584573614652805,
  "Prediction Time": 0.001762066667045777,
  "Prediction Time_std": 9.354065724655403e-05,
  "total_samples": 957,
  "n_splits": 3
}