{
  "MSE": 0.17841392459877897,
  "MSE_std": 0.14572562859745034,
  "RMSE": 0.39818924413403256,
  "RMSE_std": 0.15065286666371935,
  "MAE": 0.32606236368230623,
  "MAE_std": 0.14535680332780665,
  "R2": -0.9646205327247146,
  "R2_std": 1.799289184030119,
  "MAPE": 2.1066252807680437,
  "MAPE_std": 3.9510470179217387,
  "sMAPE": 0.4544649921743652,
  "sMAPE_std": 0.2636141510266193,
  "Baseline MSE": 0.1989495374909526,
  "Baseline MSE_std": 0.1254183739044795,
  "Baseline MAE": 0.36303532444931463,
  "Baseline MAE_std": 0.12617871230162409,
  "Baseline R2": -1.3727141948266772,
  "Baseline R2_std": 1.7716393415015614,
  "Fit Time": 407.02876048962526,
  "Fit Time_std": 38.905808422810296,
  "Prediction Time": 0.00834347349973541,
  "Prediction Time_std": 0.002160017958783259,
  "total_samples": 8921,
  "n_splits": 8
}