{
  "Accuracy": 0.5595238095238095,
  "Accuracy_std": 0.16556976261049997,
  "F1": 0.5305016218414406,
  "F1_std": 0.1986126623126993,
  "Precision": 0.6022911925680166,
  "Precision_std": 0.22721584419851085,
  "Recall": 0.5595238095238095,
  "Recall_std": 0.16556976261049997,
  "Baseline Accuracy": 0.5223214285714286,
  "Baseline Accuracy_std": 0.21127192718031346,
  "Baseline F1": 0.38123893858216995,
  "Baseline F1_std": 0.23534597224408355,
  "LogLoss": NaN,
  "LogLoss_std": NaN,
  "Fit Time": 8.732507756375071,
  "Fit Time_std": 1.846226754903868,
  "Prediction Time": 0.2680769505000171,
  "Prediction Time_std": 0.03239832992501525,
  "total_samples": 7969,
  "n_splits": 8
}