{
  "MSE": 0.00944854126023608,
  "RMSE": 0.09720360723880611,
  "MAE": 0.07737248239250091,
  "R2": -0.47336106122385924
}