{
  "MSE": 0.016745688426590855,
  "RMSE": 0.12940513292211733,
  "MAE": 0.10516632323264404,
  "R2": -0.16754590844954986
}