{
  "MSE": 0.0019290968826385496,
  "RMSE": 0.043921485432969476,
  "MAE": 0.03553271487497041,
  "R2": -0.251419977280428
}