{
  "MSE": 0.18625572797453885,
  "MSE_std": 0.1717415165458204,
  "RMSE": 0.39561899853344584,
  "RMSE_std": 0.1843640373172666,
  "MAE": 0.3285564349428604,
  "MAE_std": 0.16406377203271322,
  "R2": -2.3247279090751425,
  "R2_std": 3.1724276835231153,
  "MAPE": 0.30265068474418777,
  "MAPE_std": 0.17957019770587165,
  "sMAPE": 0.30268910437646684,
  "sMAPE_std": 0.19726930731996767,
  "Baseline MSE": 0.148537185445691,
  "Baseline MSE_std": 0.13416196048643542,
  "Baseline MAE": 0.3101860693905709,
  "Baseline MAE_std": 0.14257399685505476,
  "Baseline R2": -1.3354820081915215,
  "Baseline R2_std": 1.416848220238588,
  "Fit Time": 10.179826603125548,
  "Fit Time_std": 2.39498413740459,
  "Prediction Time": 0.22842001787489608,
  "Prediction Time_std": 0.02989108209312116,
  "total_samples": 8921,
  "n_splits": 8
}