{
  "MSE": 0.022372803851449578,
  "RMSE": 0.14957541192137688,
  "MAE": 0.12139025077576153,
  "R2": -0.2623888524592881
}