{
  "Accuracy": 0.6428571428571429,
  "F1": 0.5460942997888811,
  "Precision": 0.5378151260504201,
  "Recall": 0.6428571428571429
}