{
  "mse": 0.008703833146560548,
  "mse_std": 0.006894478772100848,
  "rmse": 0.08648288210180055,
  "rmse_std": 0.034993488678990145,
  "mae": 0.07079374682552597,
  "mae_std": 0.0287285725345641,
  "r2": -0.07597736391183169,
  "r2_std": 0.04410078361950264,
  "mape": 0.8365350850626625,
  "mape_std": 0.620015719020843,
  "baseline_mse": 0.01166186997624711,
  "baseline_mse_std": 0.006777384352928655,
  "baseline_mae": 0.0844696984950135,
  "baseline_mae_std": 0.02688950854771253,
  "baseline_r2": -0.890892177585998,
  "baseline_r2_std": 1.501363335425654,
  "fit_time": 8.235484004020691,
  "fit_time_std": 3.5351481820980886,
  "pred_time": 0.00046452879905700684,
  "pred_time_std": 0.00021967503289568784,
  "n_splits": 8,
  "total_samples": 11088
}