{
  "MSE": 0.00013539341516410528,
  "RMSE": 0.011635867615442575,
  "MAE": 0.009567615726772678,
  "R2": 0.9525364774658063
}