{
  "MSE": 0.005850496861401535,
  "RMSE": 0.07648854071951912,
  "MAE": 0.05779331483642558,
  "R2": -0.3242110797961715
}