{
  "MSE": 0.0007087380963742212,
  "RMSE": 0.0266221354585657,
  "MAE": 0.019867439496645926,
  "R2": 0.5961398775608899
}