{
  "mse": 0.014932168547849813,
  "mse_std": 0.009918421375681205,
  "rmse": 0.11489957115213105,
  "rmse_std": 0.04159635917849288,
  "mae": 0.09498387064583835,
  "mae_std": 0.03520410868647365,
  "r2": -1.1103911396345492,
  "r2_std": 0.9649984327765061,
  "mape": 1.1223093765035226,
  "mape_std": 0.9311152395794516,
  "baseline_mse": 0.01166186997624711,
  "baseline_mse_std": 0.006777384352928655,
  "baseline_mae": 0.0844696984950135,
  "baseline_mae_std": 0.02688950854771253,
  "baseline_r2": -0.890892177585998,
  "baseline_r2_std": 1.501363335425654,
  "fit_time": 8.272163778543472,
  "fit_time_std": 1.4327234766055241,
  "pred_time": 0.23336178064346313,
  "pred_time_std": 0.027226103512176084,
  "n_splits": 8,
  "total_samples": 11088
}