{
  "MSE": 0.04825097062755971,
  "RMSE": 0.219661035751814,
  "MAE": 0.1477065917472832,
  "R2": -0.21492640749226233
}