{
  "MSE": 0.04992891177062143,
  "RMSE": 0.22344778309623353,
  "MAE": 0.1414726248192733,
  "R2": -0.25717581674578405
}