{
  "MSE": 0.45985063148922745,
  "MSE_std": 0.3163583706540246,
  "RMSE": 0.6393063819541425,
  "RMSE_std": 0.2417507133555591,
  "MAE": 0.5074522995482873,
  "MAE_std": 0.17959785817447055,
  "R2": -5.145106923969138,
  "R2_std": 4.657833327736212,
  "MAPE": 0.25711902256771824,
  "MAPE_std": 0.10544867221400057,
  "sMAPE": 0.2150834703632942,
  "sMAPE_std": 0.06675022658785316,
  "Baseline MSE": 0.2395107856574798,
  "Baseline MSE_std": 0.17539461501902923,
  "Baseline MAE": 0.39667207526651505,
  "Baseline MAE_std": 0.15866333888754267,
  "Baseline R2": -2.065577008805963,
  "Baseline R2_std": 1.6868266944120094,
  "Fit Time": 7.158530886374933,
  "Fit Time_std": 1.2829539357348416,
  "Prediction Time": 0.22618340625001565,
  "Prediction Time_std": 0.027205409130173146,
  "total_samples": 8921,
  "n_splits": 8
}