{
  "Accuracy": 0.5476190476190477,
  "F1": 0.5345144870197395,
  "Precision": 0.6161424782114437,
  "Recall": 0.5476190476190477
}