{
  "MSE": 0.005413207678584466,
  "RMSE": 0.07357450427005585,
  "MAE": 0.04674315144899279,
  "R2": -0.057119997454270655
}