{
  "Accuracy": 0.5714285714285714,
  "F1": 0.5272606382978724,
  "Precision": 0.5052447552447553,
  "Recall": 0.5714285714285714
}