{
  "MSE": 0.16907475078163875,
  "MSE_std": 0.08599853252465024,
  "RMSE": 0.40058824724748393,
  "RMSE_std": 0.09916109230555793,
  "MAE": 0.32890664259965813,
  "MAE_std": 0.09592510552436946,
  "R2": -0.9034659774435155,
  "R2_std": 1.0749029043646585,
  "MAPE": 1.8134702761265968,
  "MAPE_std": 3.2990532840532447,
  "sMAPE": 0.4491278936803989,
  "sMAPE_std": 0.1785569626766871,
  "Baseline MSE": 0.1989495374909526,
  "Baseline MSE_std": 0.1254183739044795,
  "Baseline MAE": 0.36303532444931463,
  "Baseline MAE_std": 0.12617871230162409,
  "Baseline R2": -1.3727141948266772,
  "Baseline R2_std": 1.7716393415015614,
  "Fit Time": 11.014047725500006,
  "Fit Time_std": 1.889886914837095,
  "Prediction Time": 0.22547990787499828,
  "Prediction Time_std": 0.02876132251318149,
  "total_samples": 8921,
  "n_splits": 8
}