{
  "Accuracy": 0.5634920634920635,
  "F1": 0.5427414075371586,
  "Precision": 0.5877865961199293,
  "Recall": 0.5634920634920635
}