{
  "MSE": 0.0001416319389326567,
  "RMSE": 0.011900921768193282,
  "MAE": 0.00814213491475423,
  "R2": -0.3120512501289101
}