{
  "Accuracy": 0.5396825396825397,
  "F1": 0.5354148905939188,
  "Precision": 0.531334853915499,
  "Recall": 0.5396825396825397
}