{
  "MSE": 0.0002563926235598696,
  "RMSE": 0.016012264785465847,
  "MAE": 0.012961478055798198,
  "R2": 0.9108719435880446
}