{
  "MSE": 0.14428085733058715,
  "MSE_std": 0.051927071060495364,
  "RMSE": 0.37432329310996393,
  "RMSE_std": 0.06897560285781493,
  "MAE": 0.2994868726519226,
  "MAE_std": 0.06347052816477465,
  "R2": -0.6390903990020612,
  "R2_std": 0.7582220620935511,
  "MAPE": 1.856552479496929,
  "MAPE_std": 3.5135615981326387,
  "sMAPE": 0.4037536701372267,
  "sMAPE_std": 0.1333881271853889,
  "Baseline MSE": 0.1989495374909526,
  "Baseline MSE_std": 0.1254183739044795,
  "Baseline MAE": 0.36303532444931463,
  "Baseline MAE_std": 0.12617871230162409,
  "Baseline R2": -1.3727141948266772,
  "Baseline R2_std": 1.7716393415015614,
  "Fit Time": 11.096209703249997,
  "Fit Time_std": 1.4788554839086365,
  "Prediction Time": 0.23055560287502885,
  "Prediction Time_std": 0.032032716589116744,
  "total_samples": 8921,
  "n_splits": 8
}