{
  "Accuracy": 0.753968253968254,
  "F1": 0.7615830508198987,
  "Precision": 0.7768539049026855,
  "Recall": 0.753968253968254
}