{
  "MSE": 0.0252738084513903,
  "RMSE": 0.15897738345874957,
  "MAE": 0.12753713145370146,
  "R2": -0.426078477247231
}