{
  "Accuracy": 0.6021825396825397,
  "Accuracy_std": 0.10288529995888551,
  "F1": 0.5811678920769972,
  "F1_std": 0.1135880970899547,
  "Precision": 0.6562884904033854,
  "Precision_std": 0.09860298248185662,
  "Recall": 0.6021825396825397,
  "Recall_std": 0.10288529995888551,
  "Baseline Accuracy": 0.5193452380952381,
  "Baseline Accuracy_std": 0.11040913457103366,
  "Baseline F1": 0.36114324471947923,
  "Baseline F1_std": 0.125106200519395,
  "LogLoss": NaN,
  "LogLoss_std": NaN,
  "Fit Time": 7.606493829249757,
  "Fit Time_std": 1.4260622547629933,
  "Prediction Time": 0.24429299275004723,
  "Prediction Time_std": 0.01402270964306218,
  "total_samples": 8342,
  "n_splits": 8
}