{
  "Accuracy": 0.7063492063492064,
  "F1": 0.643342498656806,
  "Precision": 0.7119894598155468,
  "Recall": 0.7063492063492064
}