{
  "MSE": 0.17333049877204496,
  "MSE_std": 0.06261469352650663,
  "RMSE": 0.4108102472122648,
  "RMSE_std": 0.07223326940202918,
  "MAE": 0.33086582492457783,
  "MAE_std": 0.06649786564819549,
  "R2": -0.9271941374971324,
  "R2_std": 0.6351514362693028,
  "MAPE": 1.63058063751955,
  "MAPE_std": 2.8769514524188415,
  "sMAPE": 0.44063119107053283,
  "sMAPE_std": 0.1355446496324399,
  "Baseline MSE": 0.1989495374909526,
  "Baseline MSE_std": 0.1254183739044795,
  "Baseline MAE": 0.36303532444931463,
  "Baseline MAE_std": 0.12617871230162409,
  "Baseline R2": -1.3727141948266772,
  "Baseline R2_std": 1.7716393415015614,
  "Fit Time": 8.55304268812506,
  "Fit Time_std": 2.6882855944631117,
  "Prediction Time": 0.2212561878750421,
  "Prediction Time_std": 0.031742333548957405,
  "total_samples": 8921,
  "n_splits": 8
}