{
  "Accuracy": 0.4990079365079365,
  "Accuracy_std": 0.09710356496422874,
  "F1": 0.44963932682640567,
  "F1_std": 0.14822472841866066,
  "Precision": 0.5286985240036668,
  "Precision_std": 0.2268340726136699,
  "Recall": 0.4990079365079365,
  "Recall_std": 0.09710356496422874,
  "Baseline Accuracy": 0.5565476190476191,
  "Baseline Accuracy_std": 0.16175894349404468,
  "Baseline F1": 0.41045566619692886,
  "Baseline F1_std": 0.1869263566479773,
  "LogLoss": NaN,
  "LogLoss_std": NaN,
  "Fit Time": 4.3796993831250575,
  "Fit Time_std": 0.5139372605760769,
  "Prediction Time": 0.2086425701249368,
  "Prediction Time_std": 0.01712514382645725,
  "total_samples": 8921,
  "n_splits": 8
}