{
  "MSE": 0.0045009056836155205,
  "RMSE": 0.06708878955246934,
  "MAE": 0.04896650925701443,
  "R2": -0.018742393433816895
}