{
  "Accuracy": 0.6364087301587302,
  "Accuracy_std": 0.10825901988798542,
  "F1": 0.6101602518229678,
  "F1_std": 0.15444357130018427,
  "Precision": 0.7052246756778513,
  "Precision_std": 0.11227587883772264,
  "Recall": 0.6364087301587302,
  "Recall_std": 0.10825901988798542,
  "Baseline Accuracy": 0.5223214285714286,
  "Baseline Accuracy_std": 0.21127192718031346,
  "Baseline F1": 0.38123893858216995,
  "Baseline F1_std": 0.23534597224408355,
  "LogLoss": 0.7831002158804308,
  "LogLoss_std": 0.2199243034907424,
  "Fit Time": 1.8714931137500344,
  "Fit Time_std": 2.2656429611803115,
  "Prediction Time": 0.004537392250199446,
  "Prediction Time_std": 0.007859853132323505,
  "total_samples": 7969,
  "n_splits": 8
}