{
  "MSE": 0.00025640058522903445,
  "RMSE": 0.01601251339512428,
  "MAE": 0.01296169989362575,
  "R2": 0.9108691768080102
}