{
  "MSE": 0.015156993129775248,
  "RMSE": 0.12311374062132646,
  "MAE": 0.10838950370118394,
  "R2": -7.636907106468945
}