{
  "MSE": 0.13030708184714512,
  "MSE_std": 0.07442278088940532,
  "RMSE": 0.34881808957523813,
  "RMSE_std": 0.09932930646362284,
  "MAE": 0.2922919690551532,
  "MAE_std": 0.09167493691572341,
  "R2": -1.2767141621866578,
  "R2_std": 1.1518573496195086,
  "MAPE": 0.265217485051651,
  "MAPE_std": 0.10864719386107367,
  "sMAPE": 0.2619959217075936,
  "sMAPE_std": 0.10495670727675199,
  "Baseline MSE": 0.148537185445691,
  "Baseline MSE_std": 0.13416196048643542,
  "Baseline MAE": 0.3101860693905709,
  "Baseline MAE_std": 0.14257399685505476,
  "Baseline R2": -1.3354820081915215,
  "Baseline R2_std": 1.416848220238588,
  "Fit Time": 53.103708821499936,
  "Fit Time_std": 4.655057025824589,
  "Prediction Time": 0.02390647874995011,
  "Prediction Time_std": 0.020619204775382496,
  "total_samples": 8921,
  "n_splits": 8
}