{
  "Accuracy": 0.5476190476190477,
  "Accuracy_std": 0.06807443561123845,
  "F1": 0.5326128309076549,
  "F1_std": 0.07596501145882471,
  "Precision": 0.6542498288234022,
  "Precision_std": 0.07975416255484111,
  "Recall": 0.5476190476190477,
  "Recall_std": 0.06807443561123845,
  "Baseline Accuracy": 0.5565476190476191,
  "Baseline Accuracy_std": 0.16175894349404468,
  "Baseline F1": 0.41045566619692886,
  "Baseline F1_std": 0.1869263566479773,
  "LogLoss": 0.8537577983959685,
  "LogLoss_std": 0.1216757004798449,
  "Fit Time": 11.183772964624836,
  "Fit Time_std": 11.737671375421542,
  "Prediction Time": 0.005010575374910786,
  "Prediction Time_std": 0.006743334469128571,
  "total_samples": 8921,
  "n_splits": 8
}