{
  "MSE": 8.043693817095253e-05,
  "RMSE": 0.008968664235601227,
  "MAE": 0.007394746405706631,
  "R2": 0.8656569271884386
}