{
  "MSE": 0.2135353440757457,
  "MSE_std": 0.20552015405908003,
  "RMSE": 0.4205904553601053,
  "RMSE_std": 0.20462931764737077,
  "MAE": 0.35217690212145614,
  "MAE_std": 0.18360966659622355,
  "R2": -2.840815467379901,
  "R2_std": 3.893704817108387,
  "MAPE": 0.32517195187201997,
  "MAPE_std": 0.20132955751262657,
  "sMAPE": 0.3262637793275107,
  "sMAPE_std": 0.21978967344386913,
  "Baseline MSE": 0.148537185445691,
  "Baseline MSE_std": 0.13416196048643542,
  "Baseline MAE": 0.3101860693905709,
  "Baseline MAE_std": 0.14257399685505476,
  "Baseline R2": -1.3354820081915215,
  "Baseline R2_std": 1.416848220238588,
  "Fit Time": 10.606747584749883,
  "Fit Time_std": 1.952962599861884,
  "Prediction Time": 0.22493883850000884,
  "Prediction Time_std": 0.026702101369545157,
  "total_samples": 8921,
  "n_splits": 8
}