{
  "MSE": 0.005855707015178214,
  "RMSE": 0.07652259153464559,
  "MAE": 0.057914016345283585,
  "R2": -0.1435336223044823
}