{
  "MSE": 0.006807608057715193,
  "RMSE": 0.08250823024229276,
  "MAE": 0.06356374485454415,
  "R2": -0.061546365312770135
}