{
  "Accuracy": 0.6746031746031746,
  "F1": 0.6546090906552233,
  "Precision": 0.8150375939849624,
  "Recall": 0.6746031746031746
}