{
  "MSE": 0.0034535644396726296,
  "RMSE": 0.058767035314644125,
  "MAE": 0.05530944321101402,
  "R2": -1.9418239439062215
}