{
  "MSE": 0.020544486638545658,
  "RMSE": 0.14333348052198291,
  "MAE": 0.11363976549939579,
  "R2": -0.4324064024708332
}