{
  "MSE": 0.008214012917181112,
  "RMSE": 0.09063119174534291,
  "MAE": 0.08913906571757874,
  "R2": -75.09304792252298
}