{
  "MSE": 0.1581111384598844,
  "MSE_std": 0.06104701768264829,
  "RMSE": 0.3908052289888445,
  "RMSE_std": 0.07843039829673312,
  "MAE": 0.3173614907481351,
  "MAE_std": 0.07448441865983815,
  "R2": -0.7885832866025271,
  "R2_std": 0.825991848962132,
  "MAPE": 1.8196797432984975,
  "MAPE_std": 3.3618424832440024,
  "sMAPE": 0.4278015276556178,
  "sMAPE_std": 0.14869014093571495,
  "Baseline MSE": 0.1989495374909526,
  "Baseline MSE_std": 0.1254183739044795,
  "Baseline MAE": 0.36303532444931463,
  "Baseline MAE_std": 0.12617871230162409,
  "Baseline R2": -1.3727141948266772,
  "Baseline R2_std": 1.7716393415015614,
  "Fit Time": 11.654264808749758,
  "Fit Time_std": 3.0563855788802576,
  "Prediction Time": 0.25992646737495306,
  "Prediction Time_std": 0.03005263136984957,
  "total_samples": 8921,
  "n_splits": 8
}