{
  "MSE": 0.0008617700171749373,
  "RMSE": 0.029355919627477817,
  "MAE": 0.02447740840663996,
  "R2": -2.974479535491551
}