{
  "MSE": 0.16835193272244306,
  "MSE_std": 0.0923179645113207,
  "RMSE": 0.3975030549240849,
  "RMSE_std": 0.10872378658634005,
  "MAE": 0.33052738004392035,
  "MAE_std": 0.09472435269039099,
  "R2": -1.2452705287989578,
  "R2_std": 1.2037314261631025,
  "MAPE": 0.1701886832956141,
  "MAPE_std": 0.09264730027526955,
  "sMAPE": 0.15831622135136014,
  "sMAPE_std": 0.06512038381455058,
  "Baseline MSE": 0.2395107856574798,
  "Baseline MSE_std": 0.17539461501902923,
  "Baseline MAE": 0.39667207526651505,
  "Baseline MAE_std": 0.15866333888754267,
  "Baseline R2": -2.065577008805963,
  "Baseline R2_std": 1.6868266944120094,
  "Fit Time": 53.266055645375104,
  "Fit Time_std": 5.308140014105901,
  "Prediction Time": 0.027404335874734898,
  "Prediction Time_std": 0.01573547338235253,
  "total_samples": 8921,
  "n_splits": 8
}