{
  "Accuracy": 0.6428571428571429,
  "F1": 0.6311556463840727,
  "Precision": 0.620933521923621,
  "Recall": 0.6428571428571429
}