{
  "MSE": 1.7351140889426744,
  "MSE_std": 2.742014179867725,
  "RMSE": 1.0456318280866252,
  "RMSE_std": 0.8564165668877978,
  "MAE": 0.8667688073330111,
  "MAE_std": 0.7624622564597384,
  "R2": -2.307053933147561,
  "R2_std": 2.877454817475785,
  "MAPE": 0.5412430548047474,
  "MAPE_std": 0.49774543706473495,
  "sMAPE": 0.3919342736986122,
  "sMAPE_std": 0.22266849458971896,
  "Baseline MSE": 0.5233591641437693,
  "Baseline MSE_std": 0.4502637298616084,
  "Baseline MAE": 0.4943416090201341,
  "Baseline MAE_std": 0.209973887317709,
  "Baseline R2": -0.5781315843467321,
  "Baseline R2_std": 1.0180391655705368,
  "Fit Time": 7.363189493374193,
  "Fit Time_std": 1.6034452747171886,
  "Prediction Time": 0.22637465962407077,
  "Prediction Time_std": 0.026756666335193833,
  "total_samples": 7969,
  "n_splits": 8
}