{
  "MSE": 0.005489063769916525,
  "RMSE": 0.07408821613398804,
  "MAE": 0.055132090153433407,
  "R2": -0.0719335785760633
}