{
  "MSE": 0.017769450589546147,
  "RMSE": 0.13330210271989765,
  "MAE": 0.0777375483798313,
  "R2": 0.55370854732763
}