{
  "MSE": 0.28334162503187327,
  "MSE_std": 0.17323475706799726,
  "RMSE": 0.5090579784968788,
  "RMSE_std": 0.16630986418831736,
  "MAE": 0.43832771841454554,
  "MAE_std": 0.15997638485774557,
  "R2": -2.7986817203272976,
  "R2_std": 2.125060140518985,
  "MAPE": 0.21611869266173692,
  "MAPE_std": 0.12507680485697933,
  "sMAPE": 0.20809464782332293,
  "sMAPE_std": 0.08474917603422043,
  "Baseline MSE": 0.2395107856574798,
  "Baseline MSE_std": 0.17539461501902923,
  "Baseline MAE": 0.39667207526651505,
  "Baseline MAE_std": 0.15866333888754267,
  "Baseline R2": -2.065577008805963,
  "Baseline R2_std": 1.6868266944120094,
  "Fit Time": 8.704803203375263,
  "Fit Time_std": 3.9675945130584536,
  "Prediction Time": 0.017805574624958354,
  "Prediction Time_std": 0.005785171776686911,
  "total_samples": 8921,
  "n_splits": 8
}