{
  "MSE": 0.1456565376850523,
  "MSE_std": 0.0477177406541181,
  "RMSE": 0.37714025383182703,
  "RMSE_std": 0.06253471378561196,
  "MAE": 0.3011784529325488,
  "MAE_std": 0.051971578324411315,
  "R2": -0.6408986743675102,
  "R2_std": 0.6431239935069132,
  "MAPE": 1.9113382847344806,
  "MAPE_std": 3.583945423630001,
  "sMAPE": 0.3998264751198703,
  "sMAPE_std": 0.12785433812181632,
  "Baseline MSE": 0.1989495374909526,
  "Baseline MSE_std": 0.1254183739044795,
  "Baseline MAE": 0.36303532444931463,
  "Baseline MAE_std": 0.12617871230162409,
  "Baseline R2": -1.3727141948266772,
  "Baseline R2_std": 1.7716393415015614,
  "Fit Time": 8.30051007149973,
  "Fit Time_std": 0.7859335571792619,
  "Prediction Time": 0.2023064218753916,
  "Prediction Time_std": 0.0122555034523723,
  "total_samples": 8921,
  "n_splits": 8
}