{
  "Accuracy": 0.5952380952380952,
  "F1": 0.5759965778980927,
  "Precision": 0.6272045855379188,
  "Recall": 0.5952380952380952
}