{
  "Accuracy": 0.5555555555555556,
  "F1": 0.49002217294900224,
  "Precision": 0.7818181818181817,
  "Recall": 0.5555555555555556
}