{
  "Accuracy": 0.48412698412698413,
  "F1": 0.39365009680367846,
  "Precision": 0.4913548752834467,
  "Recall": 0.48412698412698413
}