{
  "MSE": 0.004920573717437167,
  "RMSE": 0.07014680119176617,
  "MAE": 0.05162208928270795,
  "R2": 0.039084183629374714
}