{
  "mse": 0.05318456781007379,
  "mse_std": 0.03950290847401377,
  "rmse": 0.21743600512066769,
  "rmse_std": 0.07685148981795188,
  "mae": 0.17682448071104392,
  "mae_std": 0.0758700951907204,
  "r2": -1.7607492550962522,
  "r2_std": 2.3613264614163914,
  "mape": 0.4180008799789217,
  "mape_std": 0.24138227360193526,
  "baseline_mse": 0.05202379498184337,
  "baseline_mse_std": 0.03738554686761001,
  "baseline_mae": 0.17488692098700342,
  "baseline_mae_std": 0.07281894068758742,
  "baseline_r2": -1.6751505660340518,
  "baseline_r2_std": 2.198875146296363,
  "fit_time": 0.13070130348205566,
  "fit_time_std": 0.06458858854606828,
  "pred_time": 0.00861021876335144,
  "pred_time_std": 0.0036921651584255187,
  "n_splits": 8,
  "total_samples": 11088
}