{
  "MSE": 0.09873167018205675,
  "MSE_std": 0.0785500618414603,
  "RMSE": 0.29889475052943665,
  "RMSE_std": 0.11870297987836634,
  "MAE": 0.23943600836666024,
  "MAE_std": 0.08692715491395667,
  "R2": -1.9298843234541871,
  "R2_std": 1.9063535108877283,
  "MAPE": 0.17804355487187432,
  "MAPE_std": 0.0326881900773513,
  "sMAPE": 0.1826972919299468,
  "sMAPE_std": 0.055769034306428884,
  "Baseline MSE": 0.04784741273657198,
  "Baseline MSE_std": 0.04833396524599177,
  "Baseline MAE": 0.17099258547484789,
  "Baseline MAE_std": 0.09868611554557251,
  "Baseline R2": -0.0490747108312258,
  "Baseline R2_std": 0.01562417012331265,
  "Fit Time": 0.05769169999985024,
  "Fit Time_std": 0.009424640117160337,
  "Prediction Time": 0.0010574333233914028,
  "Prediction Time_std": 6.59287718123562e-05,
  "total_samples": 957,
  "n_splits": 3
}