{
  "MSE": 0.0007171472949132501,
  "RMSE": 0.02677960595141852,
  "MAE": 0.019972180700682792,
  "R2": 0.5913500801569724
}